OBJECTID,LocationTy,AssetOwner,TreeType,TreeGroup,TreeSpecie,SpeciesSci,DBHTrunk,DBHTrunk_U,cgLastModi
25056,Boulevard,City of Niagara Falls,Street,Deciduous,Maple Freeman,Acer x freemanii,6,cm,2017-09-21 0:00
11052,Boulevard,City of Niagara Falls,Street,Deciduous,Maple Norway,Acer platanoides,4,cm,2017-09-21 0:00
22073,Boulevard,City of Niagara Falls,Street,Deciduous,Maple Norway,Acer platanoides,5,cm,2017-09-21 0:00
5783,Boulevard,City of Niagara Falls,Street,Deciduous,Linden Littleleaf,Tilia cordata,7,cm,2017-09-21 0:00
19741,Boulevard,City of Niagara Falls,Street,Deciduous,Ash Green,Fraxinus pennsylvanica,7,cm,2017-09-21 0:00
4237,Boulevard,City of Niagara Falls,Street,Deciduous,Linden Littleleaf,Tilia cordata,12,cm,2017-09-21 0:00
10599,Boulevard,City of Niagara Falls,Street,Deciduous,Maple Crimson King,Acer Platanoides,5,cm,2018-06-22 0:00
21667,Boulevard,City of Niagara Falls,Street,Deciduous,Maple Freeman,Acer x freemanii,5,cm,2017-09-21 0:00
14334,Boulevard,City of Niagara Falls,Street,Deciduous,Maple Silver,Acer saccharinum,50,cm,2017-09-21 0:00
14434,Boulevard,City of Niagara Falls,Street,Deciduous,Maple Silver,Acer saccharinum,60,cm,2017-09-21 0:00
15327,Boulevard,City of Niagara Falls,Street,Deciduous,Maple Freeman,Acer x freemanii,5,cm,2017-09-21 0:00
9912,Boulevard,City of Niagara Falls,Street,Deciduous,Maple Silver,Acer saccharinum,58,cm,2017-09-21 0:00
12201,Boulevard,City of Niagara Falls,Street,Deciduous,Maple Silver,Acer saccharinum,50,cm,2017-09-21 0:00
5970,Boulevard,City of Niagara Falls,Street,Deciduous,Linden Littleleaf,Tilia cordata,5,cm,2017-09-21 0:00
19777,Boulevard,City of Niagara Falls,Street,Deciduous,Maple Crimson King,Acer Platanoides,6,cm,2018-06-22 0:00
7763,Boulevard,City of Niagara Falls,Street,Deciduous,Linden Littleleaf,Tilia cordata,3,cm,2017-09-21 0:00
15308,Boulevard,City of Niagara Falls,Street,Deciduous,Linden Littleleaf,Tilia cordata,7,cm,2017-09-21 0:00
8134,Boulevard,City of Niagara Falls,Street,Deciduous,Maple Freeman,Acer x freemanii,6,cm,2017-09-21 0:00
8446,Boulevard,City of Niagara Falls,Street,Deciduous,Maple Freeman,Acer x freemanii,10,cm,2017-09-21 0:00
13613,Boulevard,City of Niagara Falls,Street,Deciduous,Linden Littleleaf,Tilia cordata,5,cm,2017-09-21 0:00
8560,Boulevard,City of Niagara Falls,Street,Deciduous,Maple Crimson King,Acer Platanoides,4,cm,2018-06-22 0:00
18731,Boulevard,City of Niagara Falls,Street,Deciduous,Maple Freeman,Acer x freemanii,9,cm,2017-09-21 0:00
24215,Boulevard,City of Niagara Falls,Street,Deciduous,Maple Freeman,Acer x freemanii,15,cm,2017-09-21 0:00
8471,Boulevard,City of Niagara Falls,Street,Deciduous,Maple Freeman,Acer x freemanii,9,cm,2017-09-21 0:00
13495,Boulevard,City of Niagara Falls,Street,Deciduous,Linden Littleleaf,Tilia cordata,6,cm,2017-09-21 0:00
23417,Boulevard,City of Niagara Falls,Street,Deciduous,Maple Freeman,Acer x freemanii,5,cm,2017-09-21 0:00
16856,Boulevard,City of Niagara Falls,Street,Deciduous,Maple Freeman,Acer x freemanii,5,cm,2017-09-21 0:00
17558,Boulevard,City of Niagara Falls,Street,Deciduous,Linden Littleleaf,Tilia cordata,11,cm,2017-09-21 0:00
10147,Boulevard,City of Niagara Falls,Street,Deciduous,Linden Littleleaf,Tilia cordata,5,cm,2017-09-21 0:00
3925,Boulevard,City of Niagara Falls,Street,Deciduous,Linden Littleleaf,Tilia cordata,7,cm,2017-09-21 0:00
8312,Boulevard,City of Niagara Falls,Street,Deciduous,Linden Littleleaf,Tilia cordata,11,cm,2017-09-21 0:00
4104,Boulevard,City of Niagara Falls,Street,Deciduous,Oak Red,Quercus rubra,8,cm,2017-09-21 0:00
8051,Boulevard,City of Niagara Falls,Street,Deciduous,Linden Littleleaf,Tilia cordata,5,cm,2017-09-21 0:00
15896,Boulevard,City of Niagara Falls,Street,Deciduous,Maple Freeman,Acer x freemanii,16,cm,2017-09-21 0:00
23207,Boulevard,City of Niagara Falls,Street,Deciduous,Maple Freeman,Acer x freemanii,6,cm,2017-09-21 0:00
18118,Boulevard,City of Niagara Falls,Street,Deciduous,Maple Freeman,Acer x freemanii,5,cm,2017-09-21 0:00
3920,Boulevard,City of Niagara Falls,Street,Deciduous,Maple Freeman,Acer x freemanii,11,cm,2017-09-21 0:00
6489,Boulevard,City of Niagara Falls,Street,Deciduous,Maple Freeman,Acer x freemanii,8,cm,2017-09-21 0:00
22381,Boulevard,City of Niagara Falls,Street,Deciduous,Maple Crimson King,Acer Platanoides,7,cm,2018-06-22 0:00
8368,Boulevard,City of Niagara Falls,Street,Deciduous,Maple Freeman,Acer x freemanii,5,cm,2017-09-21 0:00
18127,Boulevard,City of Niagara Falls,Street,Deciduous,Maple Freeman,Acer x freemanii,12,cm,2017-09-21 0:00
920,Boulevard,City of Niagara Falls,Street,Deciduous,Maple Freeman,Acer x freemanii,4,cm,2017-09-21 0:00
18799,Boulevard,City of Niagara Falls,Street,Deciduous,Maple Freeman,Acer x freemanii,11,cm,2017-09-21 0:00
7097,Boulevard,City of Niagara Falls,Street,Deciduous,Locust Honey,Gleditsia triacanthos,46,cm,2017-09-21 0:00
9629,Boulevard,City of Niagara Falls,Street,Deciduous,Locust Honey,Gleditsia triacanthos,53,cm,2017-09-21 0:00
21169,Boulevard,City of Niagara Falls,Street,Deciduous,Locust Honey,Gleditsia triacanthos,25,cm,2017-09-21 0:00
10990,Boulevard,City of Niagara Falls,Street,Deciduous,Locust Honey,Gleditsia triacanthos,45,cm,2017-09-21 0:00
3153,Boulevard,City of Niagara Falls,Street,Deciduous,Maple Norway,Acer platanoides,4,cm,2017-09-21 0:00
625,Boulevard,City of Niagara Falls,Street,Deciduous,Locust Honey,Gleditsia triacanthos,60,cm,2017-09-21 0:00
5895,Boulevard,City of Niagara Falls,Street,Deciduous,Maple Manitoba,Acer negundo,35,cm,2017-09-21 0:00
17654,Boulevard,City of Niagara Falls,Street,Deciduous,Locust Honey,Gleditsia triacanthos,55,cm,2017-09-21 0:00
24748,Boulevard,City of Niagara Falls,Street,Deciduous,Locust Honey,Gleditsia triacanthos,50,cm,2017-09-21 0:00
13639,Boulevard,City of Niagara Falls,Street,Deciduous,Locust Honey,Gleditsia triacanthos,63,cm,2018-07-05 0:00
7594,Boulevard,City of Niagara Falls,Street,Deciduous,Locust Honey,Gleditsia triacanthos,72,cm,2017-09-21 0:00
25544,Boulevard,City of Niagara Falls,Street,Deciduous,Locust Honey,Gleditsia triacanthos,65,cm,2017-09-21 0:00
3532,Boulevard,City of Niagara Falls,Street,Deciduous,Locust Honey,Gleditsia triacanthos,45,cm,2017-09-21 0:00
4122,Boulevard,City of Niagara Falls,Street,Deciduous,Linden Littleleaf,Tilia cordata,41,cm,2017-09-21 0:00
7113,Boulevard,City of Niagara Falls,Street,Deciduous,Maple Norway,Acer platanoides,25,cm,2018-07-05 0:00
10185,Boulevard,City of Niagara Falls,Street,Deciduous,Linden Littleleaf,Tilia cordata,40,cm,2017-09-21 0:00
19257,Boulevard,City of Niagara Falls,Street,Deciduous,Maple Norway,Acer platanoides,26,cm,2017-09-21 0:00
7041,Boulevard,City of Niagara Falls,Street,Deciduous,Linden Littleleaf,Tilia cordata,45,cm,2017-09-21 0:00
19737,Boulevard,City of Niagara Falls,Street,Deciduous,Linden Littleleaf,Tilia cordata,44,cm,2017-09-21 0:00
22958,Boulevard,City of Niagara Falls,Street,Deciduous,Linden Littleleaf,Tilia cordata,46,cm,2017-09-21 0:00
24301,Boulevard,City of Niagara Falls,Street,Deciduous,Linden Littleleaf,Tilia cordata,47,cm,2017-09-21 0:00
3863,Boulevard,City of Niagara Falls,Street,Deciduous,Linden Littleleaf,Tilia cordata,41,cm,2017-09-21 0:00
15641,Boulevard,City of Niagara Falls,Street,Deciduous,Linden Littleleaf,Tilia cordata,55,cm,2017-09-21 0:00
13625,Boulevard,City of Niagara Falls,Street,Deciduous,Linden Littleleaf,Tilia cordata,49,cm,2018-07-10 0:00
25392,Boulevard,City of Niagara Falls,Street,Deciduous,Linden Littleleaf,Tilia cordata,49,cm,2017-09-21 0:00
19338,Boulevard,City of Niagara Falls,Street,Deciduous,Maple Norway,Acer platanoides,28,cm,2017-09-21 0:00
13978,Boulevard,City of Niagara Falls,Street,Deciduous,Linden Littleleaf,Tilia cordata,45,cm,2017-09-21 0:00
21031,Boulevard,City of Niagara Falls,Street,Deciduous,Locust Honey,Gleditsia triacanthos,47,cm,2017-09-21 0:00
14291,Boulevard,City of Niagara Falls,Street,Deciduous,Linden Littleleaf,Tilia cordata,40,cm,2017-09-21 0:00
10585,Boulevard,City of Niagara Falls,Street,Deciduous,Locust Honey,Gleditsia triacanthos,61,cm,2017-09-21 0:00
6128,Boulevard,City of Niagara Falls,Street,Deciduous,Linden Littleleaf,Tilia cordata,39,cm,2017-09-21 0:00
4383,Boulevard,City of Niagara Falls,Street,Deciduous,Locust Honey,Gleditsia triacanthos,55,cm,2017-09-21 0:00
16265,Boulevard,City of Niagara Falls,Street,Deciduous,Locust Honey,Gleditsia triacanthos,45,cm,2017-09-21 0:00
13470,Boulevard,City of Niagara Falls,Street,Deciduous,Locust Honey,Gleditsia triacanthos,44,cm,2017-09-21 0:00
12767,Boulevard,City of Niagara Falls,Street,Deciduous,Locust Honey,Gleditsia triacanthos,65,cm,2017-09-21 0:00
4123,Boulevard,City of Niagara Falls,Street,Deciduous,Maple Norway,Acer platanoides,29,cm,2018-07-05 0:00
16916,Boulevard,City of Niagara Falls,Street,Deciduous,Maple Sugar,Acer saccharum,27,cm,2017-09-21 0:00
21837,Boulevard,City of Niagara Falls,Street,Deciduous,Locust Honey,Gleditsia triacanthos,68,cm,2017-09-21 0:00
3031,Boulevard,City of Niagara Falls,Street,Evergreen,Spruce White,Picea glauca,36,cm,2017-09-21 0:00
22943,Boulevard,City of Niagara Falls,Street,Deciduous,Linden Littleleaf,Tilia cordata,45,cm,2017-09-21 0:00
20680,Boulevard,City of Niagara Falls,Street,Deciduous,Maple Sugar,Acer saccharum,31,cm,2017-09-21 0:00
18129,Boulevard,City of Niagara Falls,Street,Evergreen,Spruce White,Picea glauca,5,cm,2017-09-21 0:00
16017,Boulevard,City of Niagara Falls,Street,Deciduous,Linden Littleleaf,Tilia cordata,40,cm,2017-09-21 0:00
13114,Boulevard,City of Niagara Falls,Street,Deciduous,Linden Littleleaf,Tilia cordata,35,cm,2017-09-21 0:00
4450,Boulevard,City of Niagara Falls,Street,Deciduous,Locust Honey,Gleditsia triacanthos,58,cm,2017-09-21 0:00
25719,Boulevard,City of Niagara Falls,Street,Deciduous,Linden Littleleaf,Tilia cordata,45,cm,2017-09-21 0:00
10979,Boulevard,City of Niagara Falls,Street,Deciduous,Linden Littleleaf,Tilia cordata,37,cm,2017-09-21 0:00
4382,Boulevard,City of Niagara Falls,Street,Deciduous,Linden Littleleaf,Tilia cordata,41,cm,2017-09-21 0:00
20312,Boulevard,City of Niagara Falls,Street,Deciduous,Locust Honey,Gleditsia triacanthos,41,cm,2017-09-21 0:00
8889,Boulevard,City of Niagara Falls,Street,Deciduous,Linden Littleleaf,Tilia cordata,40,cm,2017-09-21 0:00
25295,Boulevard,City of Niagara Falls,Street,Deciduous,Maple Sugar,Acer saccharum,40,cm,2017-09-21 0:00
7066,Boulevard,City of Niagara Falls,Street,Deciduous,Linden Littleleaf,Tilia cordata,42,cm,2017-09-21 0:00
19127,Boulevard,City of Niagara Falls,Street,Deciduous,Linden Littleleaf,Tilia cordata,45,cm,2017-09-21 0:00
20894,Boulevard,City of Niagara Falls,Street,Deciduous,Locust Honey,Gleditsia triacanthos,44,cm,2017-09-21 0:00
8442,Boulevard,City of Niagara Falls,Street,Deciduous,Linden Littleleaf,Tilia cordata,45,cm,2017-09-21 0:00
23201,Boulevard,City of Niagara Falls,Street,Deciduous,Linden Littleleaf,Tilia cordata,36,cm,2017-09-21 0:00
19781,Boulevard,City of Niagara Falls,Street,Deciduous,Linden Littleleaf,Tilia cordata,40,cm,2017-09-21 0:00
24108,Boulevard,City of Niagara Falls,Street,Deciduous,Locust Honey,Gleditsia triacanthos,60,cm,2017-09-21 0:00
5656,Boulevard,City of Niagara Falls,Street,Deciduous,Linden Littleleaf,Tilia cordata,40,cm,2017-09-21 0:00
14571,Boulevard,City of Niagara Falls,Street,Deciduous,Locust Honey,Gleditsia triacanthos,36,cm,2017-09-21 0:00
5899,Boulevard,City of Niagara Falls,Street,Deciduous,Cherry Species,Prunus species,14,cm,2017-09-21 0:00
18219,Boulevard,City of Niagara Falls,Street,Deciduous,Maple Norway,Acer platanoides,40,cm,2018-07-05 0:00
14118,Boulevard,City of Niagara Falls,Street,Deciduous,Locust Honey,Gleditsia triacanthos,60,cm,2017-09-21 0:00
10118,Boulevard,City of Niagara Falls,Street,Deciduous,Locust Honey,Gleditsia triacanthos,43,cm,2017-09-21 0:00
24690,Boulevard,City of Niagara Falls,Street,Deciduous,Linden Littleleaf,Tilia cordata,47,cm,2017-09-21 0:00
9899,Boulevard,City of Niagara Falls,Street,Deciduous,Maple Norway,Acer platanoides,34,cm,2017-09-21 0:00
3596,Boulevard,City of Niagara Falls,Street,Deciduous,Maple Silver,Acer saccharinum,20,cm,2017-09-21 0:00
6800,Boulevard,City of Niagara Falls,Street,Deciduous,Locust Honey,Gleditsia triacanthos,68,cm,2017-09-21 0:00
13040,Boulevard,City of Niagara Falls,Street,Evergreen,Spruce White,Picea glauca,11,cm,2017-09-21 0:00
12077,Boulevard,City of Niagara Falls,Street,Deciduous,Linden Littleleaf,Tilia cordata,38,cm,2017-09-21 0:00
8747,Boulevard,City of Niagara Falls,Street,Evergreen,Spruce White,Picea glauca,4,cm,2017-09-21 0:00
24597,Boulevard,City of Niagara Falls,Street,Deciduous,Maple Norway,Acer platanoides,21,cm,2017-09-21 0:00
2149,Boulevard,City of Niagara Falls,Street,Deciduous,Linden Littleleaf,Tilia cordata,33,cm,2017-09-21 0:00
1622,Boulevard,City of Niagara Falls,Street,Deciduous,Maple Norway,Acer platanoides,22,cm,2017-09-21 0:00
9887,Boulevard,City of Niagara Falls,Street,Deciduous,Locust Honey,Gleditsia triacanthos,52,cm,2017-09-21 0:00
15383,Boulevard,City of Niagara Falls,Street,Deciduous,Maple Norway,Acer platanoides,16,cm,2017-09-21 0:00
23478,Boulevard,City of Niagara Falls,Street,Deciduous,Maple Norway,Acer platanoides,16,cm,2017-09-21 0:00
9675,Boulevard,City of Niagara Falls,Street,Deciduous,Maple Norway,Acer platanoides,17,cm,2017-09-21 0:00
19320,Boulevard,City of Niagara Falls,Street,Deciduous,Locust Honey,Gleditsia triacanthos,54,cm,2017-09-21 0:00
11400,Boulevard,City of Niagara Falls,Street,Deciduous,Maple Sugar,Acer saccharum,26,cm,2017-09-21 0:00
1440,Boulevard,City of Niagara Falls,Street,Deciduous,Locust Honey,Gleditsia triacanthos,32,cm,2017-09-21 0:00
888,Boulevard,City of Niagara Falls,Street,Deciduous,Maple Norway,Acer platanoides,30,cm,2017-09-21 0:00
4379,Boulevard,City of Niagara Falls,Street,Deciduous,Linden Littleleaf,Tilia cordata,32,cm,2017-09-21 0:00
15496,Boulevard,City of Niagara Falls,Street,Deciduous,Locust Honey,Gleditsia triacanthos,66,cm,2017-09-21 0:00
14248,Boulevard,City of Niagara Falls,Street,Deciduous,Maple Norway,Acer platanoides,11,cm,2017-09-21 0:00
7619,Boulevard,City of Niagara Falls,Street,Deciduous,Maple Norway,Acer platanoides,13,cm,2017-09-21 0:00
17686,Boulevard,City of Niagara Falls,Street,Deciduous,Locust Honey,Gleditsia triacanthos,70,cm,2017-09-21 0:00
19275,Boulevard,City of Niagara Falls,Street,Deciduous,Locust Honey,Gleditsia triacanthos,50,cm,2017-09-21 0:00
23298,Boulevard,City of Niagara Falls,Street,Deciduous,Maple Norway,Acer platanoides,14,cm,2017-09-21 0:00
7866,Boulevard,City of Niagara Falls,Street,Deciduous,Linden Littleleaf,Tilia cordata,34,cm,2017-09-21 0:00
3436,Boulevard,City of Niagara Falls,Street,Deciduous,Locust Honey,Gleditsia triacanthos,30,cm,2017-09-21 0:00
7927,Boulevard,City of Niagara Falls,Street,Deciduous,Linden Littleleaf,Tilia cordata,40,cm,2017-09-21 0:00
14753,Boulevard,City of Niagara Falls,Street,Deciduous,Maple Sugar,Acer saccharum,13,cm,2017-09-21 0:00
23510,Boulevard,City of Niagara Falls,Street,Deciduous,Locust Honey,Gleditsia triacanthos,60,cm,2017-09-21 0:00
1632,Boulevard,City of Niagara Falls,Street,Deciduous,Mulberry White,Morus alba,11,cm,2017-09-21 0:00
17892,Boulevard,City of Niagara Falls,Street,Deciduous,Maple Norway,Acer platanoides,17,cm,2017-09-21 0:00
1619,Boulevard,City of Niagara Falls,Street,Deciduous,Locust Honey,Gleditsia triacanthos,32,cm,2017-09-21 0:00
12895,Boulevard,City of Niagara Falls,Street,Deciduous,Maple Sugar,Acer saccharum,11,cm,2017-09-21 0:00
18241,Boulevard,City of Niagara Falls,Street,Deciduous,Linden Littleleaf,Tilia cordata,45,cm,2017-09-21 0:00
23189,Boulevard,City of Niagara Falls,Street,Deciduous,Linden Littleleaf,Tilia cordata,49,cm,2017-09-21 0:00
18647,Boulevard,City of Niagara Falls,Street,Deciduous,Locust Honey,Gleditsia triacanthos,40,cm,2017-09-21 0:00
7826,Boulevard,City of Niagara Falls,Street,Deciduous,Linden Littleleaf,Tilia cordata,30,cm,2017-09-21 0:00
4188,Boulevard,City of Niagara Falls,Street,Deciduous,Locust Honey,Gleditsia triacanthos,37,cm,2017-09-21 0:00
24106,Boulevard,City of Niagara Falls,Street,Deciduous,Birch White,Betula papyrifera,17,cm,2017-09-21 0:00
9694,Boulevard,City of Niagara Falls,Street,Deciduous,Locust Honey,Gleditsia triacanthos,67,cm,2017-09-21 0:00
8214,Boulevard,City of Niagara Falls,Street,Deciduous,Locust Honey,Gleditsia triacanthos,40,cm,2017-09-21 0:00
22274,Boulevard,City of Niagara Falls,Street,Deciduous,Linden Littleleaf,Tilia cordata,43,cm,2017-09-21 0:00
24772,Boulevard,City of Niagara Falls,Street,Deciduous,Locust Honey,Gleditsia triacanthos,26,cm,2017-09-21 0:00
25899,Boulevard,City of Niagara Falls,Street,Deciduous,Maple Norway,Acer platanoides,20,cm,2017-09-21 0:00
10705,Boulevard,City of Niagara Falls,Street,Deciduous,Locust Honey,Gleditsia triacanthos,61,cm,2017-09-21 0:00
4463,Boulevard,City of Niagara Falls,Street,Deciduous,Locust Honey,Gleditsia triacanthos,60,cm,2017-09-21 0:00
9227,Boulevard,City of Niagara Falls,Street,Deciduous,Linden Littleleaf,Tilia cordata,44,cm,2017-09-21 0:00
3822,Boulevard,City of Niagara Falls,Street,Deciduous,Locust Honey,Gleditsia triacanthos,60,cm,2017-09-21 0:00
25671,Boulevard,City of Niagara Falls,Street,Deciduous,Maple Norway,Acer platanoides,20,cm,2017-09-21 0:00
17651,Boulevard,City of Niagara Falls,Street,Deciduous,Locust Honey,Gleditsia triacanthos,60,cm,2017-09-21 0:00
15497,Boulevard,City of Niagara Falls,Street,Deciduous,Locust Honey,Gleditsia triacanthos,51,cm,2017-09-21 0:00
11955,Boulevard,City of Niagara Falls,Street,Deciduous,Locust Honey,Gleditsia triacanthos,66,cm,2017-09-21 0:00
12819,Boulevard,City of Niagara Falls,Street,Deciduous,Locust Honey,Gleditsia triacanthos,64,cm,2018-07-05 0:00
18730,Boulevard,City of Niagara Falls,Street,Deciduous,Locust Honey,Gleditsia triacanthos,64,cm,2017-09-21 0:00
7571,Boulevard,City of Niagara Falls,Street,Deciduous,Locust Honey,Gleditsia triacanthos,54,cm,2017-09-21 0:00
13797,Boulevard,City of Niagara Falls,Street,Deciduous,Locust Honey,Gleditsia triacanthos,65,cm,2018-07-05 0:00
2638,Boulevard,City of Niagara Falls,Street,Deciduous,Locust Honey,Gleditsia triacanthos,57,cm,2017-09-21 0:00
3311,Boulevard,City of Niagara Falls,Street,Deciduous,Locust Honey,Gleditsia triacanthos,50,cm,2017-09-21 0:00
18774,Boulevard,City of Niagara Falls,Street,Deciduous,Locust Honey,Gleditsia triacanthos,49,cm,2017-09-21 0:00
22258,Boulevard,City of Niagara Falls,Street,Deciduous,Linden Littleleaf,Tilia cordata,40,cm,2017-09-21 0:00
13741,Boulevard,City of Niagara Falls,Street,Deciduous,Locust Honey,Gleditsia triacanthos,73,cm,2017-09-21 0:00
13779,Boulevard,City of Niagara Falls,Street,Deciduous,Locust Honey,Gleditsia triacanthos,30,cm,2017-09-21 0:00
4486,Boulevard,City of Niagara Falls,Street,Deciduous,Locust Honey,Gleditsia triacanthos,64,cm,2017-09-21 0:00
25222,Boulevard,City of Niagara Falls,Street,Deciduous,Locust Honey,Gleditsia triacanthos,62,cm,2017-09-21 0:00
5795,Boulevard,City of Niagara Falls,Street,Deciduous,Locust Honey,Gleditsia triacanthos,52,cm,2017-09-21 0:00
11889,Boulevard,City of Niagara Falls,Street,Deciduous,Linden Littleleaf,Tilia cordata,52,cm,2017-09-21 0:00
6957,Boulevard,City of Niagara Falls,Street,Deciduous,Locust Honey,Gleditsia triacanthos,65,cm,2017-09-21 0:00
2414,Boulevard,City of Niagara Falls,Street,Deciduous,Locust  Black,Robinia pseudoacacia,37,cm,2017-09-21 0:00
724,Boulevard,City of Niagara Falls,Street,Deciduous,Locust Honey,Gleditsia triacanthos,40,cm,2017-09-21 0:00
9782,Boulevard,City of Niagara Falls,Street,Deciduous,Locust Honey,Gleditsia triacanthos,55,cm,2017-09-21 0:00
19967,Boulevard,City of Niagara Falls,Street,Deciduous,Locust Honey,Gleditsia triacanthos,62,cm,2017-09-21 0:00
22372,Boulevard,City of Niagara Falls,Street,Deciduous,Locust Honey,Gleditsia triacanthos,55,cm,2017-09-21 0:00
25636,Boulevard,City of Niagara Falls,Street,Deciduous,Locust Honey,Gleditsia triacanthos,49,cm,2017-09-21 0:00
19387,Boulevard,City of Niagara Falls,Street,Deciduous,Locust Honey,Gleditsia triacanthos,51,cm,2017-09-21 0:00
3645,Boulevard,City of Niagara Falls,Street,Deciduous,Maple Norway,Acer platanoides,38,cm,2017-09-21 0:00
18855,Boulevard,City of Niagara Falls,Street,Deciduous,Locust Honey,Gleditsia triacanthos,35,cm,2017-09-21 0:00
6975,Boulevard,City of Niagara Falls,Street,Deciduous,Locust Honey,Gleditsia triacanthos,55,cm,2017-09-21 0:00
17754,Boulevard,City of Niagara Falls,Street,Deciduous,Catalpa Northern,Catalpa speciosa,57,cm,2017-09-21 0:00
7562,Boulevard,City of Niagara Falls,Street,Deciduous,Maple Norway,Acer platanoides,33,cm,2017-09-21 0:00
3319,Boulevard,City of Niagara Falls,Street,Deciduous,Maple Norway,Acer platanoides,22,cm,2017-09-21 0:00
7920,Boulevard,City of Niagara Falls,Street,Deciduous,Linden Littleleaf,Tilia cordata,38,cm,2017-09-21 0:00
1195,Boulevard,City of Niagara Falls,Street,Deciduous,Locust Honey,Gleditsia triacanthos,52,cm,2017-09-21 0:00
8772,Boulevard,City of Niagara Falls,Street,Deciduous,Linden Littleleaf,Tilia cordata,45,cm,2017-09-21 0:00
17505,Boulevard,City of Niagara Falls,Street,Deciduous,Linden Littleleaf,Tilia cordata,40,cm,2017-09-21 0:00
24034,Boulevard,City of Niagara Falls,Street,Deciduous,Locust Honey,Gleditsia triacanthos,57,cm,2017-09-21 0:00
7015,Boulevard,City of Niagara Falls,Street,Deciduous,Maple Norway,Acer platanoides,26,cm,2017-09-21 0:00
17249,Boulevard,City of Niagara Falls,Street,Evergreen,Spruce White,Picea glauca,30,cm,2017-09-21 0:00
1620,Boulevard,City of Niagara Falls,Street,Deciduous,Locust Honey,Gleditsia triacanthos,53,cm,2017-09-21 0:00
23404,Boulevard,City of Niagara Falls,Street,Deciduous,Locust Honey,Gleditsia triacanthos,60,cm,2017-09-21 0:00
24810,Boulevard,City of Niagara Falls,Street,Deciduous,Locust Honey,Gleditsia triacanthos,54,cm,2017-09-21 0:00
22999,Boulevard,City of Niagara Falls,Street,Deciduous,Locust Honey,Gleditsia triacanthos,44,cm,2017-09-21 0:00
18173,Boulevard,City of Niagara Falls,Street,Deciduous,Maple Norway,Acer platanoides,10,cm,2017-09-21 0:00
18820,Boulevard,City of Niagara Falls,Street,Deciduous,Linden Littleleaf,Tilia cordata,55,cm,2017-09-21 0:00
3906,Boulevard,City of Niagara Falls,Street,Deciduous,Maple Sugar,Acer saccharum,45,cm,2017-09-21 0:00
14042,Boulevard,City of Niagara Falls,Street,Deciduous,Locust Honey,Gleditsia triacanthos,55,cm,2017-09-21 0:00
3244,Boulevard,City of Niagara Falls,Street,Deciduous,Maple Sugar,Acer saccharum,34,cm,2017-09-21 0:00
12968,Boulevard,City of Niagara Falls,Street,Deciduous,Linden Littleleaf,Tilia cordata,44,cm,2017-09-21 0:00
14330,Boulevard,City of Niagara Falls,Street,Deciduous,Locust Honey,Gleditsia triacanthos,43,cm,2017-09-21 0:00
13707,Boulevard,City of Niagara Falls,Street,Deciduous,Linden Littleleaf,Tilia cordata,45,cm,2017-09-21 0:00
2118,Boulevard,City of Niagara Falls,Street,Deciduous,Locust Honey,Gleditsia triacanthos,58,cm,2017-09-21 0:00
17097,Boulevard,City of Niagara Falls,Street,Deciduous,Locust Honey,Gleditsia triacanthos,64,cm,2017-09-21 0:00
8840,Boulevard,City of Niagara Falls,Street,Deciduous,Linden Littleleaf,Tilia cordata,45,cm,2017-09-21 0:00
2795,Boulevard,City of Niagara Falls,Street,Deciduous,Linden Littleleaf,Tilia cordata,45,cm,2017-09-21 0:00
15551,Boulevard,City of Niagara Falls,Street,Deciduous,Linden Littleleaf,Tilia cordata,47,cm,2017-09-21 0:00
4048,Boulevard,City of Niagara Falls,Street,Deciduous,Locust Honey,Gleditsia triacanthos,55,cm,2017-09-21 0:00
10812,Boulevard,City of Niagara Falls,Street,Deciduous,Locust Honey,Gleditsia triacanthos,49,cm,2017-09-21 0:00
8337,Boulevard,City of Niagara Falls,Street,Deciduous,Maple Freeman,Acer x freemanii,8,cm,2017-09-21 0:00
4602,Boulevard,City of Niagara Falls,Street,Deciduous,Linden Littleleaf,Tilia cordata,66,cm,2017-09-21 0:00
5305,Boulevard,City of Niagara Falls,Street,Deciduous,Linden Littleleaf,Tilia cordata,10,cm,2017-09-21 0:00
12550,Boulevard,City of Niagara Falls,Street,Deciduous,Linden Littleleaf,Tilia cordata,34,cm,2017-09-21 0:00
14659,Boulevard,City of Niagara Falls,Street,Deciduous,Locust Honey,Gleditsia triacanthos,59,cm,2017-09-21 0:00
3524,Boulevard,City of Niagara Falls,Street,Deciduous,Locust Honey,Gleditsia triacanthos,65,cm,2017-09-21 0:00
7785,Boulevard,City of Niagara Falls,Street,Deciduous,Linden Littleleaf,Tilia cordata,63,cm,2017-09-21 0:00
12810,Boulevard,City of Niagara Falls,Street,Deciduous,Linden Littleleaf,Tilia cordata,48,cm,2017-09-21 0:00
21760,Boulevard,City of Niagara Falls,Street,Deciduous,Linden Littleleaf,Tilia cordata,58,cm,2017-09-21 0:00
7460,Boulevard,City of Niagara Falls,Street,Deciduous,Maple Silver,Acer saccharinum,67,cm,2017-09-21 0:00
15940,Boulevard,City of Niagara Falls,Street,Deciduous,Locust Honey,Gleditsia triacanthos,50,cm,2017-09-21 0:00
6476,Boulevard,City of Niagara Falls,Street,Deciduous,Locust Honey,Gleditsia triacanthos,51,cm,2017-09-21 0:00
3354,Boulevard,City of Niagara Falls,Street,Deciduous,Locust Honey,Gleditsia triacanthos,45,cm,2017-09-21 0:00
5739,Boulevard,City of Niagara Falls,Street,Deciduous,Linden Littleleaf,Tilia cordata,32,cm,2017-09-21 0:00
658,Boulevard,City of Niagara Falls,Street,Deciduous,Linden Littleleaf,Tilia cordata,44,cm,2017-09-21 0:00
21233,Boulevard,City of Niagara Falls,Street,Deciduous,Linden Littleleaf,Tilia cordata,31,cm,2017-09-21 0:00
12518,Boulevard,City of Niagara Falls,Street,Deciduous,Locust Honey,Gleditsia triacanthos,65,cm,2017-09-21 0:00
2763,Boulevard,City of Niagara Falls,Street,Deciduous,Maple Norway,Acer platanoides,37,cm,2017-09-21 0:00
22053,Boulevard,City of Niagara Falls,Street,Deciduous,Locust Honey,Gleditsia triacanthos,52,cm,2017-09-21 0:00
1382,Boulevard,City of Niagara Falls,Street,Deciduous,Linden Littleleaf,Tilia cordata,34,cm,2017-09-21 0:00
13165,Boulevard,City of Niagara Falls,Street,Deciduous,Locust Honey,Gleditsia triacanthos,45,cm,2017-09-21 0:00
12956,Boulevard,City of Niagara Falls,Street,Deciduous,Linden Littleleaf,Tilia cordata,43,cm,2017-09-21 0:00
11162,Boulevard,City of Niagara Falls,Street,Deciduous,Linden Littleleaf,Tilia cordata,25,cm,2017-09-21 0:00
19150,Boulevard,City of Niagara Falls,Street,Deciduous,Maple Norway,Acer platanoides,43,cm,2017-09-21 0:00
24893,Boulevard,City of Niagara Falls,Street,Deciduous,Linden Littleleaf,Tilia cordata,60,cm,2017-09-21 0:00
5985,Boulevard,City of Niagara Falls,Street,Deciduous,Maple Norway,Acer platanoides,35,cm,2017-09-21 0:00
10912,Boulevard,City of Niagara Falls,Street,Deciduous,Locust Honey,Gleditsia triacanthos,30,cm,2017-09-21 0:00
7062,Boulevard,City of Niagara Falls,Street,Deciduous,Locust Honey,Gleditsia triacanthos,60,cm,2017-09-21 0:00
6169,Boulevard,City of Niagara Falls,Street,Deciduous,Linden Littleleaf,Tilia cordata,39,cm,2017-09-21 0:00
23608,Boulevard,City of Niagara Falls,Street,Deciduous,Linden Littleleaf,Tilia cordata,65,cm,2017-09-21 0:00
23981,Boulevard,City of Niagara Falls,Street,Deciduous,Locust Honey,Gleditsia triacanthos,69,cm,2017-09-21 0:00
17322,Boulevard,City of Niagara Falls,Street,Deciduous,Locust Honey,Gleditsia triacanthos,51,cm,2017-09-21 0:00
4932,Boulevard,City of Niagara Falls,Street,Deciduous,Locust Honey,Gleditsia triacanthos,54,cm,2017-09-21 0:00
4114,Boulevard,City of Niagara Falls,Street,Deciduous,Maple Norway,Acer platanoides,37,cm,2017-09-21 0:00
14325,Boulevard,City of Niagara Falls,Street,Deciduous,Linden Littleleaf,Tilia cordata,51,cm,2017-09-21 0:00
17912,Boulevard,City of Niagara Falls,Street,Deciduous,Linden Littleleaf,Tilia cordata,34,cm,2017-09-21 0:00
9255,Boulevard,City of Niagara Falls,Street,Deciduous,Locust Honey,Gleditsia triacanthos,51,cm,2017-09-21 0:00
11327,Boulevard,City of Niagara Falls,Street,Deciduous,Linden Littleleaf,Tilia cordata,66,cm,2017-09-21 0:00
10299,Boulevard,City of Niagara Falls,Street,Deciduous,Linden Littleleaf,Tilia cordata,53,cm,2017-09-21 0:00
1528,Boulevard,City of Niagara Falls,Street,Deciduous,Maple Norway,Acer platanoides,41,cm,2017-09-21 0:00
1705,Boulevard,City of Niagara Falls,Street,Deciduous,Locust Honey,Gleditsia triacanthos,44,cm,2017-09-21 0:00
3549,Boulevard,City of Niagara Falls,Street,Deciduous,Locust Honey,Gleditsia triacanthos,55,cm,2017-09-21 0:00
14302,Boulevard,City of Niagara Falls,Street,Deciduous,Linden Littleleaf,Tilia cordata,35,cm,2017-09-21 0:00
18885,Boulevard,City of Niagara Falls,Street,Deciduous,Locust Honey,Gleditsia triacanthos,55,cm,2017-09-21 0:00
18581,Boulevard,City of Niagara Falls,Street,Deciduous,Linden Littleleaf,Tilia cordata,39,cm,2017-09-21 0:00
11285,Boulevard,City of Niagara Falls,Street,Deciduous,Locust Honey,Gleditsia triacanthos,48,cm,2017-09-21 0:00
5788,Boulevard,City of Niagara Falls,Street,Deciduous,Locust Honey,Gleditsia triacanthos,70,cm,2017-09-21 0:00
5019,Boulevard,City of Niagara Falls,Street,Deciduous,Linden Littleleaf,Tilia cordata,45,cm,2017-09-21 0:00
15147,Boulevard,City of Niagara Falls,Street,Deciduous,Locust Honey,Gleditsia triacanthos,72,cm,2017-09-21 0:00
8276,Boulevard,City of Niagara Falls,Street,Deciduous,Maple Norway,Acer platanoides,7,cm,2017-09-21 0:00
2806,Boulevard,City of Niagara Falls,Street,Deciduous,Locust Honey,Gleditsia triacanthos,51,cm,2017-09-21 0:00
17064,Boulevard,City of Niagara Falls,Street,Deciduous,Maple Norway,Acer platanoides,35,cm,2017-09-21 0:00
20289,Boulevard,City of Niagara Falls,Street,Deciduous,Maple Silver,Acer saccharinum,44,cm,2017-09-21 0:00
6016,Boulevard,City of Niagara Falls,Street,Deciduous,Maple Silver,Acer saccharinum,60,cm,2017-09-21 0:00
15683,Boulevard,City of Niagara Falls,Street,Deciduous,Linden Littleleaf,Tilia cordata,33,cm,2017-09-21 0:00
25862,Boulevard,City of Niagara Falls,Street,Deciduous,Maple Silver,Acer saccharinum,34,cm,2017-09-21 0:00
7710,Boulevard,City of Niagara Falls,Street,Deciduous,Locust Honey,Gleditsia triacanthos,70,cm,2017-09-21 0:00
9260,Boulevard,City of Niagara Falls,Street,Deciduous,Locust Honey,Gleditsia triacanthos,70,cm,2017-09-21 0:00
12850,Boulevard,City of Niagara Falls,Street,Deciduous,Lilac Japanese,Syringa reticulata,34,cm,2017-09-21 0:00
24391,Boulevard,City of Niagara Falls,Street,Deciduous,Locust Honey,Gleditsia triacanthos,57,cm,2017-09-21 0:00
6708,Boulevard,City of Niagara Falls,Street,Deciduous,Plane London,Platanus x acerifolia,57,cm,2017-09-21 0:00
8256,Boulevard,City of Niagara Falls,Street,Deciduous,Linden Littleleaf,Tilia cordata,42,cm,2017-09-21 0:00
852,Boulevard,City of Niagara Falls,Street,Deciduous,Maple Norway,Acer platanoides,16,cm,2017-09-21 0:00
9906,Boulevard,City of Niagara Falls,Street,Deciduous,Linden Littleleaf,Tilia cordata,40,cm,2017-09-21 0:00
21741,Boulevard,City of Niagara Falls,Street,Deciduous,Locust Honey,Gleditsia triacanthos,57,cm,2017-09-21 0:00
2627,Boulevard,City of Niagara Falls,Street,Deciduous,Catalpa Northern,Catalpa speciosa,14,cm,2017-09-21 0:00
10028,Boulevard,City of Niagara Falls,Street,Deciduous,Locust Honey,Gleditsia triacanthos,75,cm,2017-09-21 0:00
22922,Boulevard,City of Niagara Falls,Street,Deciduous,Linden Littleleaf,Tilia cordata,34,cm,2017-09-21 0:00
455,Boulevard,City of Niagara Falls,Street,Deciduous,Plane London,Platanus x acerifolia,64,cm,2017-09-21 0:00
13622,Boulevard,City of Niagara Falls,Street,Deciduous,Locust Honey,Gleditsia triacanthos,65,cm,2017-09-21 0:00
11751,Boulevard,City of Niagara Falls,Street,Deciduous,Linden Littleleaf,Tilia cordata,51,cm,2017-09-21 0:00
23086,Boulevard,City of Niagara Falls,Street,Deciduous,Maple Norway,Acer platanoides,31,cm,2017-09-21 0:00
23353,Boulevard,City of Niagara Falls,Street,Deciduous,Locust Honey,Gleditsia triacanthos,60,cm,2017-09-21 0:00
8917,Boulevard,City of Niagara Falls,Street,Deciduous,Plane London,Platanus x acerifolia,70,cm,2017-09-21 0:00
20825,Boulevard,City of Niagara Falls,Street,Deciduous,Locust Honey,Gleditsia triacanthos,70,cm,2017-09-21 0:00
8376,Boulevard,City of Niagara Falls,Street,Deciduous,Linden Littleleaf,Tilia cordata,25,cm,2017-09-21 0:00
15026,Boulevard,City of Niagara Falls,Street,Deciduous,Locust Honey,Gleditsia triacanthos,85,cm,2017-09-21 0:00
11760,Boulevard,City of Niagara Falls,Street,Deciduous,Linden Littleleaf,Tilia cordata,41,cm,2017-09-21 0:00
17707,Boulevard,City of Niagara Falls,Street,Deciduous,Maple Silver,Acer saccharinum,60,cm,2017-09-21 0:00
14607,Boulevard,City of Niagara Falls,Street,Deciduous,Locust Honey,Gleditsia triacanthos,60,cm,2017-09-21 0:00
7130,Boulevard,City of Niagara Falls,Street,Deciduous,Plane London,Platanus x acerifolia,57,cm,2017-09-21 0:00
15945,Boulevard,City of Niagara Falls,Street,Deciduous,Linden Littleleaf,Tilia cordata,54,cm,2017-09-21 0:00
20927,Boulevard,City of Niagara Falls,Street,Deciduous,Maple Silver,Acer saccharinum,62,cm,2017-09-21 0:00
16075,Boulevard,City of Niagara Falls,Street,Deciduous,Locust Honey,Gleditsia triacanthos,63,cm,2017-09-21 0:00
7296,Boulevard,City of Niagara Falls,Street,Deciduous,Plane London,Platanus x acerifolia,64,cm,2017-09-21 0:00
16236,Boulevard,City of Niagara Falls,Street,Deciduous,Locust Honey,Gleditsia triacanthos,64,cm,2017-09-21 0:00
4683,Boulevard,City of Niagara Falls,Street,Deciduous,Linden Littleleaf,Tilia cordata,41,cm,2017-09-21 0:00
5208,Boulevard,City of Niagara Falls,Street,Deciduous,Ash White,Fraxinus americana,31,cm,2017-09-21 0:00
5857,Parcel,City of Niagara Falls,Park,Deciduous,Ash White,Fraxinus americana,45,cm,2017-09-21 0:00
22169,Boulevard,City of Niagara Falls,Street,Deciduous,Plane London,Platanus x acerifolia,54,cm,2017-09-21 0:00
787,Boulevard,City of Niagara Falls,Street,Deciduous,Locust Honey,Gleditsia triacanthos,32,cm,2017-09-21 0:00
23587,Boulevard,City of Niagara Falls,Street,Deciduous,Linden Littleleaf,Tilia cordata,53,cm,2017-09-21 0:00
7559,Boulevard,City of Niagara Falls,Street,Deciduous,Locust Honey,Gleditsia triacanthos,50,cm,2017-09-21 0:00
20672,Boulevard,City of Niagara Falls,Street,Deciduous,Maple Freeman,Acer x freemanii,70,cm,2017-09-21 0:00
5889,Boulevard,City of Niagara Falls,Street,Deciduous,Linden Littleleaf,Tilia cordata,49,cm,2017-09-21 0:00
2522,Boulevard,City of Niagara Falls,Street,Deciduous,Locust Honey,Gleditsia triacanthos,27,cm,2017-09-21 0:00
10365,Boulevard,City of Niagara Falls,Street,Deciduous,Mulberry White,Morus alba,5,cm,2017-09-21 0:00
7243,Boulevard,City of Niagara Falls,Street,Deciduous,Maple Silver,Acer saccharinum,60,cm,2017-09-21 0:00
16392,Boulevard,City of Niagara Falls,Street,Deciduous,Locust Honey,Gleditsia triacanthos,45,cm,2017-09-21 0:00
11178,Boulevard,City of Niagara Falls,Street,Deciduous,Locust Honey,Gleditsia triacanthos,68,cm,2017-09-21 0:00
1924,Parcel,City of Niagara Falls,Park,Evergreen,Spruce Colorado,Picea pungens,6,cm,2017-09-21 0:00
20775,Boulevard,City of Niagara Falls,Street,Deciduous,Birch Gray,Betula populifolia,14,cm,2017-09-21 0:00
10863,Parcel,City of Niagara Falls,Park,Evergreen,Spruce Norway,Picea abies,17,cm,2017-09-21 0:00
24516,Boulevard,City of Niagara Falls,Street,Deciduous,Linden Littleleaf,Tilia cordata,43,cm,2017-09-21 0:00
1355,Boulevard,City of Niagara Falls,Street,Deciduous,Locust Honey,Gleditsia triacanthos,36,cm,2017-09-21 0:00
25865,Parcel,City of Niagara Falls,Park,Evergreen,Spruce Colorado,Picea pungens,18,cm,2017-09-21 0:00
12102,Parcel,City of Niagara Falls,Park,Evergreen,Spruce Norway,Picea abies,18,cm,2017-09-21 0:00
24104,Boulevard,City of Niagara Falls,Street,Deciduous,Locust Honey,Gleditsia triacanthos,40,cm,2017-09-21 0:00
20303,Boulevard,City of Niagara Falls,Street,Evergreen,Spruce Colorado,Picea pungens,23,cm,2017-09-21 0:00
1428,Parcel,City of Niagara Falls,Park,Evergreen,Spruce Norway,Picea abies,15,cm,2017-09-21 0:00
11326,Boulevard,City of Niagara Falls,Street,Deciduous,Locust Honey,Gleditsia triacanthos,23,cm,2017-09-21 0:00
6374,Boulevard,City of Niagara Falls,Street,Deciduous,Linden Littleleaf,Tilia cordata,37,cm,2017-09-21 0:00
13269,Boulevard,City of Niagara Falls,Street,Deciduous,Locust Honey,Gleditsia triacanthos,34,cm,2017-09-21 0:00
5017,Parcel,City of Niagara Falls,Park,Deciduous,Locust Honey,Gleditsia triacanthos,28,cm,2017-09-21 0:00
132,Boulevard,City of Niagara Falls,Street,Deciduous,Locust Honey,Gleditsia triacanthos,22,cm,2017-09-21 0:00
12914,Parcel,City of Niagara Falls,Park,Deciduous,Locust Honey,Gleditsia triacanthos,24,cm,2017-09-21 0:00
11950,Boulevard,City of Niagara Falls,Street,Deciduous,Maple Norway,Acer platanoides,28,cm,2017-09-21 0:00
19920,Parcel,City of Niagara Falls,Park,Evergreen,Spruce Norway,Picea abies,18,cm,2017-09-21 0:00
1343,Boulevard,City of Niagara Falls,Street,Deciduous,Locust Honey,Gleditsia triacanthos,47,cm,2017-09-21 0:00
15590,Boulevard,City of Niagara Falls,Street,Deciduous,Locust Honey,Gleditsia triacanthos,72,cm,2017-09-21 0:00
2477,Parcel,City of Niagara Falls,Park,Evergreen,Spruce Norway,Picea abies,21,cm,2017-09-21 0:00
23814,Parcel,City of Niagara Falls,Park,Evergreen,Spruce Colorado,Picea pungens,16,cm,2017-09-21 0:00
23787,Boulevard,City of Niagara Falls,Street,Deciduous,Locust Honey,Gleditsia triacanthos,36,cm,2017-09-21 0:00
13968,Parcel,City of Niagara Falls,Park,Evergreen,Spruce Norway,Picea abies,25,cm,2017-09-21 0:00
1091,Boulevard,City of Niagara Falls,Street,Deciduous,Locust Honey,Gleditsia triacanthos,40,cm,2017-09-21 0:00
11894,Parcel,City of Niagara Falls,Park,Deciduous,Linden Littleleaf,Tilia cordata,22,cm,2017-09-21 0:00
8844,Boulevard,City of Niagara Falls,Street,Deciduous,Linden Littleleaf,Tilia cordata,52,cm,2017-09-21 0:00
1568,Boulevard,City of Niagara Falls,Street,Deciduous,Locust Honey,Gleditsia triacanthos,60,cm,2017-09-21 0:00
15351,Boulevard,City of Niagara Falls,Street,Deciduous,Locust Honey,Gleditsia triacanthos,65,cm,2017-09-21 0:00
12224,Boulevard,City of Niagara Falls,Street,Deciduous,Locust Honey,Gleditsia triacanthos,30,cm,2017-09-21 0:00
3374,Boulevard,City of Niagara Falls,Street,Deciduous,Locust Honey,Gleditsia triacanthos,40,cm,2017-09-21 0:00
16476,Boulevard,City of Niagara Falls,Street,Deciduous,Locust Honey,Gleditsia triacanthos,54,cm,2017-09-21 0:00
24005,Boulevard,City of Niagara Falls,Street,Deciduous,Plane London,Platanus x acerifolia,60,cm,2017-09-21 0:00
10619,Parcel,City of Niagara Falls,Park,Deciduous,Ash White,Fraxinus americana,37,cm,2017-09-21 0:00
15399,Boulevard,City of Niagara Falls,Street,Deciduous,Locust Honey,Gleditsia triacanthos,67,cm,2017-09-21 0:00
14999,Boulevard,City of Niagara Falls,Street,Deciduous,Linden Littleleaf,Tilia cordata,42,cm,2017-09-21 0:00
25531,Parcel,City of Niagara Falls,Park,Deciduous,Ash White,Fraxinus americana,48,cm,2017-09-21 0:00
12700,Boulevard,City of Niagara Falls,Street,Deciduous,Locust Honey,Gleditsia triacanthos,40,cm,2017-09-21 0:00
21344,Boulevard,City of Niagara Falls,Street,Deciduous,Locust Honey,Gleditsia triacanthos,37,cm,2017-09-21 0:00
23884,Boulevard,City of Niagara Falls,Street,Deciduous,Plane London,Platanus x acerifolia,56,cm,2017-09-21 0:00
3012,Boulevard,City of Niagara Falls,Street,Deciduous,Ash White,Fraxinus americana,50,cm,2017-09-21 0:00
653,Boulevard,City of Niagara Falls,Street,Deciduous,Locust Honey,Gleditsia triacanthos,70,cm,2018-07-05 0:00
10071,Boulevard,City of Niagara Falls,Street,Deciduous,Linden Littleleaf,Tilia cordata,35,cm,2017-09-21 0:00
7849,Boulevard,City of Niagara Falls,Street,Deciduous,Locust Honey,Gleditsia triacanthos,29,cm,2017-09-21 0:00
11224,Parcel,City of Niagara Falls,Park,Deciduous,Ash White,Fraxinus americana,44,cm,2017-09-21 0:00
11319,Boulevard,City of Niagara Falls,Street,Deciduous,Locust Honey,Gleditsia triacanthos,60,cm,2018-07-05 0:00
1202,Boulevard,City of Niagara Falls,Street,Deciduous,Locust Honey,Gleditsia triacanthos,37,cm,2017-09-21 0:00
13442,Boulevard,City of Niagara Falls,Street,Deciduous,Maple Norway,Acer platanoides,49,cm,2017-09-21 0:00
15921,Boulevard,City of Niagara Falls,Street,Deciduous,Maple Norway,Acer platanoides,17,cm,2017-09-21 0:00
13928,Boulevard,City of Niagara Falls,Street,Deciduous,Plane London,Platanus x acerifolia,66,cm,2017-09-21 0:00
433,Boulevard,City of Niagara Falls,Street,Deciduous,Maple Silver,Acer saccharinum,54,cm,2017-09-21 0:00
20413,Parcel,City of Niagara Falls,Park,Deciduous,Ash White,Fraxinus americana,49,cm,2017-09-21 0:00
22752,Boulevard,City of Niagara Falls,Street,Deciduous,Maple Silver,Acer saccharinum,42,cm,2017-09-21 0:00
10404,Boulevard,City of Niagara Falls,Street,Deciduous,Ash Green,Fraxinus pennsylvanica,11,cm,2017-09-21 0:00
12572,Boulevard,City of Niagara Falls,Street,Deciduous,Linden Littleleaf,Tilia cordata,49,cm,2017-09-21 0:00
5983,Boulevard,City of Niagara Falls,Street,Deciduous,Locust Honey,Gleditsia triacanthos,43,cm,2017-09-21 0:00
12939,Boulevard,City of Niagara Falls,Street,Deciduous,Linden Littleleaf,Tilia cordata,50,cm,2017-09-21 0:00
16621,Parcel,City of Niagara Falls,Park,Deciduous,Maple Silver,Acer saccharinum,65,cm,2017-09-21 0:00
17243,Boulevard,City of Niagara Falls,Street,Deciduous,Maple Norway,Acer platanoides,28,cm,2017-09-21 0:00
4712,Boulevard,City of Niagara Falls,Street,Deciduous,Maple Norway,Acer platanoides,45,cm,2017-09-21 0:00
22955,Boulevard,City of Niagara Falls,Street,Deciduous,Maple Silver,Acer saccharinum,45,cm,2017-09-21 0:00
10343,Boulevard,City of Niagara Falls,Street,Deciduous,Plane London,Platanus x acerifolia,75,cm,2017-09-21 0:00
2514,Boulevard,City of Niagara Falls,Street,Deciduous,Maple Norway,Acer platanoides,16,cm,2017-09-21 0:00
23920,Boulevard,City of Niagara Falls,Street,Deciduous,Maple Silver,Acer saccharinum,5,cm,2017-09-21 0:00
7665,Parcel,City of Niagara Falls,Park,Deciduous,Ash White,Fraxinus americana,45,cm,2017-09-21 0:00
15437,Boulevard,City of Niagara Falls,Street,Deciduous,Maple Norway,Acer platanoides,28,cm,2017-09-21 0:00
19097,Boulevard,City of Niagara Falls,Street,Deciduous,Maple Norway,Acer platanoides,60,cm,2017-09-21 0:00
12476,Boulevard,City of Niagara Falls,Street,Deciduous,Maple Norway,Acer platanoides,3,cm,2017-09-21 0:00
2438,Boulevard,City of Niagara Falls,Street,Deciduous,Maple Norway,Acer platanoides,10,cm,2017-09-21 0:00
3997,Boulevard,City of Niagara Falls,Street,Deciduous,Maple Norway,Acer platanoides,67,cm,2017-09-21 0:00
321,Parcel,City of Niagara Falls,Park,Deciduous,Ash White,Fraxinus americana,49,cm,2017-09-21 0:00
23018,Boulevard,City of Niagara Falls,Street,Deciduous,Plane London,Platanus x acerifolia,55,cm,2017-09-21 0:00
12174,Parcel,City of Niagara Falls,Park,Deciduous,Ash White,Fraxinus americana,37,cm,2017-09-21 0:00
15736,Parcel,City of Niagara Falls,Park,Deciduous,Locust Honey,Gleditsia triacanthos,15,cm,2017-09-21 0:00
19188,Parcel,City of Niagara Falls,Park,Deciduous,Ash White,Fraxinus americana,50,cm,2017-09-21 0:00
8119,Parcel,City of Niagara Falls,Park,Deciduous,Locust Honey,Gleditsia triacanthos,15,cm,2017-09-21 0:00
20995,Boulevard,City of Niagara Falls,Street,Deciduous,Plane London,Platanus x acerifolia,67,cm,2017-09-21 0:00
1312,Boulevard,City of Niagara Falls,Street,Deciduous,Plane London,Platanus x acerifolia,58,cm,2017-09-21 0:00
13743,Boulevard,City of Niagara Falls,Street,Deciduous,Ash Green,Fraxinus pennsylvanica,16,cm,2017-09-21 0:00
6521,Boulevard,City of Niagara Falls,Street,Deciduous,Maple Red,Acer rubrum,16,cm,2017-09-21 0:00
15021,Boulevard,City of Niagara Falls,Street,Deciduous,Walnut Black,Juglans nigra,10,cm,2017-09-21 0:00
10086,Boulevard,City of Niagara Falls,Street,Evergreen,Pine White,Pinus strobus,4,cm,2017-09-21 0:00
6612,Parcel,City of Niagara Falls,Park,Deciduous,Maple Norway,Acer platanoides,9,cm,2017-09-21 0:00
20674,Boulevard,City of Niagara Falls,Street,Deciduous,Maple Norway,Acer platanoides,75,cm,2017-09-21 0:00
9479,Boulevard,City of Niagara Falls,Street,Deciduous,Plane London,Platanus x acerifolia,50,cm,2017-09-21 0:00
24197,Boulevard,City of Niagara Falls,Street,Deciduous,Maple Norway,Acer platanoides,14,cm,2017-09-21 0:00
3273,Boulevard,City of Niagara Falls,Street,Deciduous,Maple Red,Acer rubrum,26,cm,2017-09-21 0:00
24777,Boulevard,City of Niagara Falls,Street,Deciduous,Plane London,Platanus x acerifolia,40,cm,2017-09-21 0:00
25600,Boulevard,City of Niagara Falls,Street,Deciduous,Linden Littleleaf,Tilia cordata,30,cm,2017-09-21 0:00
13399,Boulevard,City of Niagara Falls,Street,Deciduous,Plane London,Platanus x acerifolia,56,cm,2017-09-21 0:00
4460,Boulevard,City of Niagara Falls,Street,Deciduous,Mulberry White,Morus alba,15,cm,2017-09-21 0:00
22878,Boulevard,City of Niagara Falls,Street,Deciduous,Plane London,Platanus x acerifolia,22,cm,2017-09-21 0:00
10671,Boulevard,City of Niagara Falls,Street,Deciduous,Plane London,Platanus x acerifolia,50,cm,2017-09-21 0:00
9988,Boulevard,City of Niagara Falls,Street,Deciduous,Maple Japanese,Acer palmatum,10,cm,2017-09-21 0:00
8375,Boulevard,City of Niagara Falls,Street,Evergreen,Spruce Norway,Picea abies,42,cm,2017-09-21 0:00
9861,Boulevard,City of Niagara Falls,Street,Deciduous,Maple Freeman,Acer x freemanii,40,cm,2017-09-21 0:00
20187,Boulevard,City of Niagara Falls,Street,Deciduous,Plane London,Platanus x acerifolia,63,cm,2017-09-21 0:00
24086,Boulevard,City of Niagara Falls,Street,Deciduous,Plane London,Platanus x acerifolia,63,cm,2017-09-21 0:00
18529,Boulevard,City of Niagara Falls,Street,Deciduous,Plane London,Platanus x acerifolia,50,cm,2017-09-21 0:00
90,Boulevard,City of Niagara Falls,Street,Deciduous,Maple Norway,Acer platanoides,25,cm,2017-09-21 0:00
18924,Boulevard,City of Niagara Falls,Street,Deciduous,Maple Sugar,Acer saccharum,32,cm,2017-09-21 0:00
18033,Boulevard,City of Niagara Falls,Street,Deciduous,Basswood,Tilia americana,36,cm,2017-09-21 0:00
17157,Boulevard,City of Niagara Falls,Street,Deciduous,Plane London,Platanus x acerifolia,45,cm,2017-09-21 0:00
21858,Boulevard,City of Niagara Falls,Street,Deciduous,Crabapple Species,Malus crabapple species,6,cm,2017-09-21 0:00
20264,Boulevard,City of Niagara Falls,Street,Deciduous,Basswood,Tilia americana,53,cm,2017-09-21 0:00
18463,Boulevard,City of Niagara Falls,Street,Deciduous,Maple Freeman,Acer x freemanii,4,cm,2017-09-21 0:00
24408,Boulevard,City of Niagara Falls,Street,Deciduous,Locust Honey,Gleditsia triacanthos,55,cm,2017-09-21 0:00
23563,Boulevard,City of Niagara Falls,Street,Deciduous,Plane London,Platanus x acerifolia,46,cm,2017-09-21 0:00
18148,Boulevard,City of Niagara Falls,Street,Deciduous,Crabapple Species,Malus crabapple species,12,cm,2017-09-21 0:00
1720,Boulevard,City of Niagara Falls,Street,Deciduous,Maple Freeman,Acer x freemanii,8,cm,2017-09-21 0:00
17670,Boulevard,City of Niagara Falls,Street,Deciduous,Plane London,Platanus x acerifolia,41,cm,2017-09-21 0:00
11457,Boulevard,City of Niagara Falls,Street,Deciduous,Maple Silver,Acer saccharinum,72,cm,2017-09-21 0:00
10175,Boulevard,City of Niagara Falls,Street,Deciduous,Locust Honey,Gleditsia triacanthos,55,cm,2017-09-21 0:00
23534,Boulevard,City of Niagara Falls,Street,Deciduous,Locust Honey,Gleditsia triacanthos,70,cm,2017-09-21 0:00
17595,Boulevard,City of Niagara Falls,Street,Deciduous,Ash Green,Fraxinus pennsylvanica,36,cm,2017-09-21 0:00
23115,Boulevard,City of Niagara Falls,Street,Deciduous,Walnut Black,Juglans nigra,44,cm,2017-09-21 0:00
20442,Boulevard,City of Niagara Falls,Street,Deciduous,Locust Honey,Gleditsia triacanthos,56,cm,2017-09-21 0:00
24029,Boulevard,City of Niagara Falls,Street,Deciduous,Maple Freeman,Acer x freemanii,68,cm,2018-07-05 0:00
22827,Boulevard,City of Niagara Falls,Street,Deciduous,Locust Honey,Gleditsia triacanthos,70,cm,2017-09-21 0:00
10760,Boulevard,City of Niagara Falls,Street,Deciduous,Locust Honey,Gleditsia triacanthos,48,cm,2017-09-21 0:00
16009,Boulevard,City of Niagara Falls,Street,Deciduous,Locust Honey,Gleditsia triacanthos,60,cm,2017-09-21 0:00
2970,Boulevard,City of Niagara Falls,Street,Deciduous,Locust Honey,Gleditsia triacanthos,63,cm,2017-09-21 0:00
7955,Boulevard,City of Niagara Falls,Street,Deciduous,Locust Honey,Gleditsia triacanthos,80,cm,2017-09-21 0:00
18665,Boulevard,City of Niagara Falls,Street,Deciduous,Locust Honey,Gleditsia triacanthos,54,cm,2017-09-21 0:00
16052,Boulevard,City of Niagara Falls,Street,Deciduous,Maple Freeman,Acer x freemanii,67,cm,2017-09-21 0:00
6474,Boulevard,City of Niagara Falls,Street,Deciduous,Maple Silver,Acer saccharinum,104,cm,2017-09-21 0:00
5511,Boulevard,City of Niagara Falls,Street,Deciduous,Locust Honey,Gleditsia triacanthos,63,cm,2017-09-21 0:00
16950,Boulevard,City of Niagara Falls,Street,Deciduous,Locust Honey,Gleditsia triacanthos,58,cm,2017-09-21 0:00
3991,Boulevard,City of Niagara Falls,Street,Deciduous,Locust Honey,Gleditsia triacanthos,40,cm,2017-09-21 0:00
23170,Boulevard,City of Niagara Falls,Street,Deciduous,Locust Honey,Gleditsia triacanthos,75,cm,2017-09-21 0:00
23897,Boulevard,City of Niagara Falls,Street,Deciduous,Locust Honey,Gleditsia triacanthos,44,cm,2017-09-21 0:00
19073,Boulevard,City of Niagara Falls,Street,Deciduous,Locust Honey,Gleditsia triacanthos,75,cm,2017-09-21 0:00
14023,Boulevard,City of Niagara Falls,Street,Deciduous,Maple Norway,Acer platanoides,40,cm,2017-09-21 0:00
12526,Boulevard,City of Niagara Falls,Street,Deciduous,Maple Silver,Acer saccharinum,80,cm,2017-09-21 0:00
272,Boulevard,City of Niagara Falls,Street,Deciduous,Maple Silver,Acer saccharinum,80,cm,2017-09-21 0:00
2899,Boulevard,City of Niagara Falls,Street,Deciduous,Locust Honey,Gleditsia triacanthos,62,cm,2017-09-21 0:00
3009,Boulevard,City of Niagara Falls,Street,Deciduous,Locust Honey,Gleditsia triacanthos,63,cm,2017-09-21 0:00
8828,Boulevard,City of Niagara Falls,Street,Deciduous,Maple Freeman,Acer x freemanii,18,cm,2017-09-21 0:00
18784,Boulevard,City of Niagara Falls,Street,Deciduous,Locust Honey,Gleditsia triacanthos,51,cm,2017-09-21 0:00
13600,Boulevard,City of Niagara Falls,Street,Deciduous,Locust Honey,Gleditsia triacanthos,59,cm,2017-09-21 0:00
1894,Boulevard,City of Niagara Falls,Street,Deciduous,Locust Honey,Gleditsia triacanthos,55,cm,2017-09-21 0:00
8818,Boulevard,City of Niagara Falls,Street,Deciduous,Maple Freeman,Acer x freemanii,80,cm,2017-09-21 0:00
25774,Boulevard,City of Niagara Falls,Street,Deciduous,Locust Honey,Gleditsia triacanthos,18,cm,2017-09-21 0:00
8432,Boulevard,City of Niagara Falls,Street,Deciduous,Locust Honey,Gleditsia triacanthos,68,cm,2017-09-21 0:00
5618,Boulevard,City of Niagara Falls,Street,Deciduous,Maple Silver,Acer saccharinum,110,cm,2017-09-21 0:00
22403,Boulevard,City of Niagara Falls,Street,Deciduous,Locust Honey,Gleditsia triacanthos,6,cm,2017-09-21 0:00
1678,Boulevard,City of Niagara Falls,Street,Deciduous,Locust Honey,Gleditsia triacanthos,69,cm,2017-09-21 0:00
16768,Boulevard,City of Niagara Falls,Street,Deciduous,Ginkgo,Ginkgo biloba,4,cm,2017-09-21 0:00
11746,Boulevard,City of Niagara Falls,Street,Deciduous,Locust Honey,Gleditsia triacanthos,61,cm,2017-09-21 0:00
25460,Boulevard,City of Niagara Falls,Street,Deciduous,Ash White,Fraxinus americana,33,cm,2017-09-21 0:00
11154,Boulevard,City of Niagara Falls,Street,Deciduous,Locust Honey,Gleditsia triacanthos,56,cm,2017-09-21 0:00
2312,Boulevard,City of Niagara Falls,Street,Deciduous,Ginkgo,Ginkgo biloba,3,cm,2017-09-21 0:00
15544,Boulevard,City of Niagara Falls,Street,Deciduous,Locust Honey,Gleditsia triacanthos,67,cm,2017-09-21 0:00
7310,Boulevard,City of Niagara Falls,Street,Deciduous,Maple Red,Acer rubrum,43,cm,2017-09-21 0:00
19664,Boulevard,City of Niagara Falls,Street,Deciduous,Horsechestnut Common,Aesculus hippocastanum,73,cm,2017-09-21 0:00
22385,Boulevard,City of Niagara Falls,Street,Deciduous,Maple Red,Acer rubrum,46,cm,2017-09-21 0:00
14580,Boulevard,City of Niagara Falls,Street,Deciduous,Locust Honey,Gleditsia triacanthos,58,cm,2017-09-21 0:00
2796,Boulevard,City of Niagara Falls,Street,Deciduous,Locust Honey,Gleditsia triacanthos,49,cm,2017-09-21 0:00
3383,Boulevard,City of Niagara Falls,Street,Deciduous,Locust Honey,Gleditsia triacanthos,56,cm,2017-09-21 0:00
24372,Boulevard,City of Niagara Falls,Street,Deciduous,Locust Honey,Gleditsia triacanthos,47,cm,2017-09-21 0:00
25244,Boulevard,City of Niagara Falls,Street,Deciduous,Locust Honey,Gleditsia triacanthos,51,cm,2017-09-21 0:00
13873,Boulevard,City of Niagara Falls,Street,Deciduous,Locust Honey,Gleditsia triacanthos,77,cm,2017-09-21 0:00
10840,Boulevard,City of Niagara Falls,Street,Deciduous,Lilac Japanese,Syringa reticulata,4,cm,2017-09-21 0:00
1269,Boulevard,City of Niagara Falls,Street,Evergreen,Spruce Colorado,Picea pungens,40,cm,2017-09-21 0:00
8081,Boulevard,City of Niagara Falls,Street,Deciduous,Maple Freeman,Acer x freemanii,27,cm,2017-09-21 0:00
20526,Boulevard,City of Niagara Falls,Street,Deciduous,Maple Norway,Acer platanoides,2,cm,2017-09-21 0:00
1917,Boulevard,City of Niagara Falls,Street,Deciduous,Maple Sugar,Acer saccharum,50,cm,2017-09-21 0:00
8288,Boulevard,City of Niagara Falls,Street,Deciduous,Maple Silver,Acer saccharinum,82,cm,2017-09-21 0:00
3387,Boulevard,City of Niagara Falls,Street,Deciduous,Maple Sugar,Acer saccharum,50,cm,2017-09-21 0:00
23729,Boulevard,City of Niagara Falls,Street,Deciduous,Maple Norway,Acer platanoides,29,cm,2017-09-21 0:00
6526,Boulevard,City of Niagara Falls,Street,Deciduous,Catalpa Northern,Catalpa speciosa,36,cm,2017-09-21 0:00
7312,Boulevard,City of Niagara Falls,Street,Deciduous,Maple Norway,Acer platanoides,2,cm,2017-09-21 0:00
12484,Boulevard,City of Niagara Falls,Street,Deciduous,Maple Sugar,Acer saccharum,8,cm,2017-09-21 0:00
4715,Boulevard,City of Niagara Falls,Street,Deciduous,Maple Norway,Acer platanoides,56,cm,2017-09-21 0:00
835,Boulevard,City of Niagara Falls,Street,Deciduous,Maple Norway,Acer platanoides,3,cm,2017-09-21 0:00
24283,Boulevard,City of Niagara Falls,Street,Deciduous,Mulberry White,Morus alba,17,cm,2017-09-21 0:00
16198,Boulevard,City of Niagara Falls,Street,Deciduous,Maple Sugar,Acer saccharum,72,cm,2017-09-21 0:00
22550,Boulevard,City of Niagara Falls,Street,Deciduous,Horsechestnut Common,Aesculus hippocastanum,80,cm,2017-09-21 0:00
9411,Boulevard,City of Niagara Falls,Street,Deciduous,Basswood,Tilia americana,59,cm,2017-09-21 0:00
19270,Boulevard,City of Niagara Falls,Street,Deciduous,Maple Norway,Acer platanoides,47,cm,2018-07-10 0:00
10719,Boulevard,City of Niagara Falls,Street,Deciduous,Maple Sugar,Acer saccharum,57,cm,2017-09-21 0:00
22824,Boulevard,City of Niagara Falls,Street,Deciduous,Horsechestnut Common,Aesculus hippocastanum,56,cm,2017-09-21 0:00
4638,Boulevard,City of Niagara Falls,Street,Deciduous,Maple Norway,Acer platanoides,19,cm,2018-07-10 0:00
6732,Boulevard,City of Niagara Falls,Street,Deciduous,Maple Silver,Acer saccharinum,65,cm,2017-09-21 0:00
16371,Boulevard,City of Niagara Falls,Street,Deciduous,Willow Corkscrew,Salix matsudana,53,cm,2017-09-21 0:00
2813,Boulevard,City of Niagara Falls,Street,Deciduous,Maple Norway,Acer platanoides,24,cm,2018-07-10 0:00
14959,Boulevard,City of Niagara Falls,Street,Evergreen,Hemlock,Tsuga canadensis,5,cm,2017-09-21 0:00
15910,Boulevard,City of Niagara Falls,Street,Deciduous,Maple Norway,Acer platanoides,61,cm,2017-09-21 0:00
